Name,Address,Postcode,Telephone,Email,"Day and time","Changes to service",Location
"Alnwickhill Park","1-4 Alnwickhill Park","EH16 6UH ","0131 529 5683",access.services@edinburgh.gov.uk,"Tuesdays, 4.00 - 4.30pm",,"55.906029,-3.168302"
"Baberton Mains Drive","280 Baberton Mains Drive","EH14 3EG","0131 529 5683",access.services@edinburgh.gov.uk,"3.10 - 3.20pm on Wednesdays",,"55.908267,-3.284587"
"Barntongate Avenue (22)","22 Barntongate Avenue","EH4 8BB","0131 529 5683",access.services@edinburgh.gov.uk,"Tuesdays, 1.30 - 2.00pm",,"55.959333935902144,-3.3036600349805667"
"Bellenden Gardens","8 Bellenden Gardens","EH16 5TA","0131 529 5683",access.services@edinburgh.gov.uk,"Mon 1.45pm - 2.15pm
",,"55.922101208527366,-3.1524013154830755"
"Bingham Avenue","28 Bingham Avenue","EH15 3HZ ","0131 529 5683",access.services@edinburgh.gov.uk,"Fri 11.00am - 11.15am",,"55.939332,-3.123501"
"Bonnington Village","4 Bonnington Village",EH27,"0131 529 5683",access.services@edinburgh.gov.uk,"4.15 - 4.30pm on Wednesdays"," ","55.90953524185544,-3.4090457673339642"
"Braidwood House, Dumbiedykes",,"EH8 9UT","0131 529 5683",access.services@edinburgh.gov.uk,"Fri 11.40am - 12.00pm",,"55.948529,-3.177829"
"Buckstone Circle","30 - 32 Buckstone Circle","EH10 6XQ ","0131 529 5683",access.services@edinburgh.gov.uk,"2.50 - 3.30pm on Fridays",,"55.903322,-3.197507"
"Calder Park","1 Calder Park","EH11 4NF","0131 529 5683",access.services@edinburgh.gov.uk,"3.30 - 3.50pm on Wednesdays",,"55.919989363505714,-3.2944880859832892"
"Cameron Toll Shopping Centre","Cameron Toll Shopping Centre","EH16 5PB","0131 529 5683",access.services@edinburgh.gov.uk,"Fridays, 1.30 - 2.30pm",,"55.9256507726428,-3.1646572349927737"
"Cammo Gardens","8-10 Cammo Gardens","EH4 8EH","0131 529 5683",access.services@edinburgh.gov.uk,"Thursdays, 3.20 - 3.45pm",,"55.959785369028154,-3.3079025742335944"
"Cammo Grove","22-30 or 8 Cammo Grove","EH4 8EX","0131 529 5683",access.services@edinburgh.gov.uk,"2.45 - 3.15pm on Thursdays",,"55.95840449220196,-3.316039083328178"
"Camus Avenue","22 Camus Avenue","EH10 6QT ","0131 529 5683",access.services@edinburgh.gov.uk,"2.00 - 2.30pm on Tuesdays",,"55.90656,-3.210052"
"Carnbee Park","1 Carnbee Park","EH16 6GE ","0131 529 5683",access.services@edinburgh.gov.uk,"Mon 4.35pm - 5.00pm",,"55.907300824268724,-3.149231558197016"
"Carrickvale Community Centre",,"EH11 3HH","0131 529 5683",access.services@edinburgh.gov.uk,"Fri 10.00am - 10.15am",,"55.931338,-3.26411"
"Claremont Road","41 Claremont Road","EH6 7NN ","0131 529 5683",access.services@edinburgh.gov.uk,"1.45 - 2.15pm on Thursdays",,"55.968076,-3.155672"
"Clark Road","9 Clark Road","EH5 3BD","0131 529 5683",access.services@edinburgh.gov.uk,"Wednesdays, 1.30 - 2.00pm",,"55.97474875593187,-3.2069710490031866"
"Coillesdene Avenue","68 Coillesdene Avenue","EH15 2LH ","0131 529 5683",access.services@edinburgh.gov.uk,"11.15 - 11.35am on Thursdays",,"55.946969,-3.088575"
"Craighall Road, Victoria Park","Craighall Road, Victoria Park",,"0131 529 5683",access.services@edinburgh.gov.uk,"Wednesdays, 3.00 - 3.30pm",,"55.97492905856165,-3.1957279442212894"
"Craiglockhart Drive North","16 Craiglockhart Drive North","EH14 1HT","0131 529 5683",access.services@edinburgh.gov.uk,"3.30 - 4.00pm on Mondays",,"55.923035,-3.241211"
"Cramond Fair a Far","81 Whitehouse Road","EH4 6PQ","0131 529 5683",access.services@edinburgh.gov.uk,"10.40 - 10.50am on Thursdays",,"55.97261465989916,-3.3049084206237467"
"Cramond Glebe Gardens","2 Cramond Glebe Gardens","EH4 6NZ ","0131 529 5683",access.services@edinburgh.gov.uk,"10.00 - 10.20am on Thursdays",,"55.97661217930887,-3.299612189163213"
"Dalmeny School","Carlowrie Avenue","EH30 9TZ","0131 529 5683",access.services@edinburgh.gov.uk,"11.25am - 11.55am on Thursdays",,"55.980758,-3.37406"
"Dalmeny Square","Dalmeny Square","EH30 9TY","0131 529 5683",access.services@edinburgh.gov.uk,"12.00 - 12.10pm on Thursdays",,"55.98198717812569,-3.3742565328522005"
"Edinburgh Business Park","Edinburgh Business Park","EH12 9DH","0131 529 5683",access.services@edinburgh.gov.uk,"12.30 - 1.00pm on Fridays
Library parks in layby near Careshare Nursery / HSBC",,"55.9327062734595,-3.3134111164690694"
"Findlay Avenue","50 Findlay Avenue","EH7 6EY ","0131 529 5683",access.services@edinburgh.gov.uk,"1.15 - 1.30pm on Thursdays",,"55.964506,-3.151096"
"Forrester Park Avenue","16-18 Forrester Park Avenue","EH12 9AS","0131 529 5683",access.services@edinburgh.gov.uk,"Wed 1.45 - 2.05pm",,"55.93250219999999,-3.2818514000000505"
"Forrester Park Drive","19 Forrester Park Drive","EH12 9AN","0131 529 5683",access.services@edinburgh.gov.uk,"Wed 1.20 - 1.40pm",,"55.93161,-3.2821100999999544"
"Forrester Park Gardens","6 Forrester Pak Gardens","EH12 9AQ","0131 529 5683",access.services@edinburgh.gov.uk,"Wed 2.10 - 2.30pm",,"55.93239355552212,-3.2862532138824463"
"Gilmerton Road","271 Gilmerton Road","EH16 5TT","0131 529 5683",access.services@edinburgh.gov.uk,"5.30 - 6.15pm on Tuesdays",,"55.918904,-3.155008"
"Glendevon Park","3 Glendevon Park","EH12 5XD","0131 529 5683",access.services@edinburgh.gov.uk,"Fri 1.50 - 2.15pm",,"55.940157748766964,-3.253948788360617"
"Glenvarloch Crescent","117 Glenvarloch Crescent","EH16 6BB ","0131 529 5683",access.services@edinburgh.gov.uk,"Mon 2.30pm - 3.10pm",,"55.917471889387805,-3.159309555541995"
"Gogar Bank","55 Gogar Bank","EH12 9BY","0131 529 5683",access.services@edinburgh.gov.uk,"1.15 - 1.35pm on Mondays",,"55.922842520251294,-3.330531120300293"
"Gylemuir Road","132-4 Gylemuir Road","EH12 7DL ","0131 529 5683",access.services@edinburgh.gov.uk,"Mon 10.25am - 10.40am",,"55.94009,-3.297808"
"Hailes Terrace","5 Hailes Terrace","EH13 0NB","0131 529 5683",access.services@edinburgh.gov.uk,"2.45 - 3.00pm on Wednesdays",,"55.911771567536235,-3.2619141679840595"
"Hermiston village ","30 Hermiston village","EH14 4AW","0131 529 5683",access.services@edinburgh.gov.uk,"1.45 - 2.10pm on Mondays",,"55.918026276366604,-3.317477021301329"
"Hillwood Rise, Ratho Station, No. 4","Hillwood Rise, Ratho Station, No. 4",,"0131 529 5683",access.services@edinburgh.gov.uk,"Wednesdays, 6.00 - 7.00pm",,"55.93671168577195,-3.388830184630933"
"Howdenhall Court","Flat 29, Howdenhall Court","EH16 6UZ","0131 529 5683",access.services@edinburgh.gov.uk,"3.30 - 3.50pm on Tuesdays",,"55.903872532382586,-3.1754215495986955"
"Howdenhall Drive","68 Howdenhall Drive","EH16 6UP","0131 529 5683",access.services@edinburgh.gov.uk,"3.10 - 3.25pm on Tuesdays",,"55.9033015078135,-3.1702476256560885"
"Ingliston Nursery","4a Ingliston Road","EH28 8AU","0131 529 5683",access.services@edinburgh.gov.uk,"11.15 - 11.30am on Mondays",,"55.938889723438166,-3.3657481428222127"
"Lennie Cottages","Craig's Road",,"0131 529 5683",access.services@edinburgh.gov.uk,"Tuesdays 4.20 - 4.45pm",,"55.949579286982434,-3.331812500800879"
Lennymuir,Lennymuir,"EH12 0AP","0131 529 5683",access.services@edinburgh.gov.uk,"Tuesdays, 3.50 - 4.15pm",,"55.954254498202445,-3.347887515410548"
"Liberton Drive","26 Liberton Drive","EH16 6NN ","0131 529 5683",access.services@edinburgh.gov.uk,"6.30 - 7.15pm on Tuesdays",,"55.911981,-3.165969"
"Lochend Crescent","7 Lochend Crescent","EH7 6EQ ","0131 529 5683",access.services@edinburgh.gov.uk,"2.30 - 3.00pm on Thursdays",,"55.960382,-3.151998"
"Longstone Grove","7 Longstone Grove","EH14 2BT ","0131 529 5683",access.services@edinburgh.gov.uk,"3.00 - 3.20pm on Mondays",,"55.92328127839665,-3.261909914016769"
"Magdalene Court Sheltered Housing",,"EH15 3EF","0131 529 5683",access.services@edinburgh.gov.uk,"Fri 10.30am - 10.50am",,"55.940748152660404,-3.1135972850952385"
"Magdalene Drive (layby at shops)","Magdalene Drive","EH15 3DZ","0131 529 5683",access.services@edinburgh.gov.uk,"11.45am - 12.15pm on Thursdays",,"55.942416,-3.109389"
"Malbet Park","3 Malbet Park","EH16 6SY ","0131 529 5683",access.services@edinburgh.gov.uk,"Mon 5.10pm - 5.30pm",,"55.910634496861064,-3.1554843214264565"
"Moat House, Moat Drive","Moat Drive","EH14 1NS","0131 529 5683",access.services@edinburgh.gov.uk,"Wed 5.40pm - 6.10pm",,"55.93315474159305,-3.2401235740661605"
"Mortonhall Park Drive","6 - 10 Mortonhall Park Drive","EH17 8SS ","0131 529 5683",access.services@edinburgh.gov.uk,"2.40 - 3.00pm on Tuesdays",,"55.901093,-3.167642"
"Mortonhall Park Gardens","7 Mortonhall Park Gardens","EH17 8SL ","0131 529 5683",access.services@edinburgh.gov.uk,"Mon 6.30pm - 7.30pm",,"55.900168,-3.17134"
"Muir Wood Road / Corner of Bryce Road","18 Muir Wood Road, Currie","EH14 5JT","0131 529 5683",access.services@edinburgh.gov.uk,"Wed 2.35 - 3.35pm",,"55.89985479965902,-3.3064419608519984"
"Murray Cottages, Ladywell Road","Murray Cottages, Ladywell Road","EH12 7TB","0131 529 5683",access.services@edinburgh.gov.uk,"Fridays, 3.00 - 3.30pm",,"55.93955148177502,-3.2914089560836146"
"New Lairdship Place","New Lairdship Place","EH11 3UZ","0131 529 5683",access.services@edinburgh.gov.uk,"Friday, 1.15 - 1.35pm",,"55.92600381612329,-3.282585002516157"
"Newcraighall Drive","12 Newcraighall","EH21 8SG","0131 529 5683",access.services@edinburgh.gov.uk,"Thursday, 10.30 - 11.00am",,"55.93429636383868,-3.091608104507486"
"North Bughtlin Place","16 North Bughtlin Place","EH12 8UP","0131 529 5683",access.services@edinburgh.gov.uk,"11.00 - 11.30am on Fridays",,"55.951830989682605,-3.3035552784347146"
"North Gyle Terrace ","29 North Gyle Terrace","EH12 8JT ","0131 529 5683",access.services@edinburgh.gov.uk,"10.50 - 11.00am on Mondays",,"55.941929,-3.304946"
"Old Farm Court","311 Colinton Road","EH13 0NS","0131 529 5683",access.services@edinburgh.gov.uk,"Wed 10.15 - 11.15am",,"55.9088699,-3.2504048000000694"
"Parkgrove Street","87 Parkgrove Street","EH7 7NT","0131 529 5683",access.services@edinburgh.gov.uk,"Tuesday, 2.30 - 3.30pm",,"55.95934594750127,-3.289197563972266"
"Parkside, Newbridge","1 Parkside","EH28 8ST","0131 529 5683",access.services@edinburgh.gov.uk,"Wednesday, 5.30 - 5.45pm",,"55.93799609356377,-3.4093847632293546"
"Prestonfield Avenue","28 Prestonfield Avenue","EH16 5EH ","0131 529 5683",access.services@edinburgh.gov.uk,"Fri 12.15pm - 12.45pm",,"55.933386,-3.161042"
"Ratho Station, Station Road","Station Road","EH28 8PZ","0131 529 5683",access.services@edinburgh.gov.uk,"Monday, 11.45 am - 12.15pm",,"55.9357620028559,-3.390634059906006"
"Redhall Drive","67 - 69 Redhall Drive","EH14 2HG","0131 529 5683",access.services@edinburgh.gov.uk,"Wednesday, 4.00pm - 4.40pm",,"55.921514777041835,-3.2580619365234043"
"Rosebery Avenue Dental Surgery, South Queensferry","Rosebery Avenue","EH30 9JG ","0131 529 5683",access.services@edinburgh.gov.uk,"1.45 - 2.30pm on Thursdays",,"55.98594607269449,-3.3956561786040993"
"Roseburn Crescent","2 Roseburn Crescent","EH12 5NZ","0131 529 5683",access.services@edinburgh.gov.uk,"Wed 6.30pm - 7.15pm",,"55.94396,-3.237829"
"Saughton Crescent (Bright Sparks Nursery)","58 Saughton Crescent ","EH12 5SP","0131 529 5683",access.services@edinburgh.gov.uk,"Fri 2.20 - 2.45pm",,"55.9435035,-3.255395599999929"
"Saughton Mains Terrace","4 Saughton Mains Terrace","EH11 3NU","0131 529 5683",access.services@edinburgh.gov.uk,"Friday, 10.15 - 10.30am",,"55.932462975927216,-3.267180445368922"
"South Gyle Gardens","110 South Gyle Gardens","EH12 7RZ ","0131 529 5683",access.services@edinburgh.gov.uk,"Mon 10.00am - 10.15am",,"55.93722525538364,-3.299822477523776"
"Southhouse Avenue SH","47 - 49 Southhouse Avenue","EH17 8BZ ","0131 529 5683",access.services@edinburgh.gov.uk,"3.25 - 3.45pm on Mondays",,"55.901551,-3.155276"
"Southhouse Road","35 Southhouse Road","EH17 8EW ","0131 529 5683",access.services@edinburgh.gov.uk,"Monday, 4.15 - 4.25pm",,"55.898418352755385,-3.157274804893518"
"Southhouse Square","1 Southhouse Square","EH17 8DN ","0131 529 5683",access.services@edinburgh.gov.uk,"3.50 - 4.10pm on Mondays",,"55.899091,-3.154147"
"Stuart Square","Stuart Square","EH12 8UU","0131 529 5683",access.services@edinburgh.gov.uk,"Tuesday, 6.15 - 7.00pm",,"55.9497644850963,-3.3033439927291965"
"The Queens Retreat, South Queensferry","6 Scotstoun Grove","EH30 9PH","0131 529 5683",access.services@edinburgh.gov.uk,"1.10 - 1.40pm on Thursdays",,"55.98336688852154,-3.3920030085982944"
"Turnhouse Road","85 Turnhouse Road",EH12,"0131 529 5683",access.services@edinburgh.gov.uk,"Tuesdays, 4.50 - 5.15pm",,"55.94157171054124,-3.3161852356715826"
"Waverley Court","4 East Market St","EH8 8BG","0131 529 5683",access.services@edinburgh.gov.uk,"Wednesday, 12.00 - 1.15pm",,"55.95152569835076,-3.1843457001389197"
"Whitehouse Road, Barnton","186 Whitehouse Road","EH4 6DB","0131 529 5683",access.services@edinburgh.gov.uk,"Thursday, 10.55 - 11.10am",,"55.96276193453944,-3.306785423278825"
"Woodhall Terrace (corner of Baberton Crescent)",,"EH14 5DN","0131 529 5683",access.services@edinburgh.gov.uk,"Mondays, 2.25 - 2.50pm","Moved from Baberton Avenue due to building work","55.90624733501022,-3.2825732231140137"
"Zetland Place","5 Zetland Place","EH5 3HU","0131 529 5683",access.services@edinburgh.gov.uk,"2.10 - 2.50pm on Wednesdays",,"55.975814,-3.208848"
